<?xml version="1.0" encoding="UTF-8"?>
<data xmlns="ns:workflow" xmlns:xsi="http://www.w3.org/2001/XMLSchema-instance" xsi:schemaLocation="ns:workflow resource:WorkflowData">
  <documentTypes xmlns="ns:workflow/DocumentType" xsi:schemaLocation="ns:workflow/DocumentType resource:DocumentType">
    <documentType>
      <name>IdentityManagementGroupDocument</name>
      <parent>RiceDocument</parent>
      <label>Group</label>
      <docHandler>${application.url}/kim/identityManagementGroupDocument.do?methodToCall=docHandler</docHandler>
      <active>true</active>
      <routingVersion>2</routingVersion>
    </documentType>
    <documentType>
      <name>IdentityManagementRoleDocument</name>
      <parent>RiceDocument</parent>
      <label>Role</label>
      <docHandler>${application.url}/kim/identityManagementRoleDocument.do?methodToCall=docHandler</docHandler>
      <active>true</active>
      <routingVersion>2</routingVersion>
    </documentType>
    <documentType>
      <name>IdentityManagementGenericPermissionMaintenanceDocument</name>
      <parent>RiceDocument</parent>
      <label>Permission</label>
      <docHandler>${kr.url}/maintenance.do?methodToCall=docHandler</docHandler>
      <active>true</active>
      <routingVersion>2</routingVersion>
    </documentType>
  </documentTypes>
  
</data>