<?xml version="1.0" encoding="UTF-8"?>
<data xmlns="ns:workflow" xmlns:xsi="http://www.w3.org/2001/XMLSchema-instance" xsi:schemaLocation="ns:workflow resource:WorkflowData">
	<documentTypes xmlns="ns:workflow/DocumentType" xsi:schemaLocation="ns:workflow/DocumentType resource:DocumentType">
		<documentType>
			<name>AccountTypeMaintenanceDocument</name>
			<description>Create a New Account Type</description>
			<label>Account Type</label>
			<parent>KcAwardsMaintenanceDocument</parent>
		</documentType>
	</documentTypes>	
</data>