<?xml version="1.0" encoding="UTF-8"?>
<data xmlns="ns:workflow" xmlns:xsi="http://www.w3.org/2001/XMLSchema-instance" xsi:schemaLocation="ns:workflow resource:WorkflowData">
	<documentTypes xmlns="ns:workflow/DocumentType" xsi:schemaLocation="ns:workflow/DocumentType resource:DocumentType">
		<documentType>
			<name>ActivityTypeMaintenanceDocument</name>
			<description>Create a New Activity Type</description>
			<label>Activity Type Maintenance Document</label>
			<parent>KcSharedMaintenanceDocument</parent>
			<helpDefinitionURL>default.htm?turl=Documents/activitytype.htm</helpDefinitionURL>
		</documentType>
	</documentTypes>	
</data>