<?xml version="1.0" encoding="UTF-8"?>
<data xmlns="ns:workflow" xmlns:xsi="http://www.w3.org/2001/XMLSchema-instance"
    xsi:schemaLocation="ns:workflow resource:WorkflowData">
    <documentTypes xmlns="ns:workflow/DocumentType"
        xsi:schemaLocation="ns:workflow/DocumentType resource:DocumentType">
        <documentType>
            <name>CloseoutReportTypeMaintenanceDocument</name>
            <description>Create/Edit a Closeout Report Type</description>
            <label>Closeout Report Type</label>
            <parent>KcSharedMaintenanceDocument</parent>
        </documentType>
    </documentTypes>
</data>