<?xml version="1.0" encoding="UTF-8"?>
<data xmlns="ns:workflow" xmlns:xsi="http://www.w3.org/2001/XMLSchema-instance" xsi:schemaLocation="ns:workflow resource:WorkflowData">
    <documentTypes xmlns="ns:workflow/DocumentType" xsi:schemaLocation="ns:workflow/DocumentType resource:DocumentType">
        <documentType>
            <name>ProposalLocationTypeMaintenanceDocument</name>
            <description>Create/Edit a Proposal Location Type</description>
            <label>Proposal Location Type</label>
            <parent>KcProposalsMaintenanceDocument</parent>
        </documentType>
    </documentTypes>    
</data>