<?xml version="1.0" encoding="UTF-8"?>
<data xmlns="ns:workflow" xmlns:xsi="http://www.w3.org/2001/XMLSchema-instance" xsi:schemaLocation="ns:workflow resource:WorkflowData">
	<documentTypes xmlns="ns:workflow/DocumentType" xsi:schemaLocation="ns:workflow/DocumentType resource:DocumentType">
		<documentType>
			<name>SpecialReviewApprovalTypeMaintenanceDocument</name>
			<description>Create/Edit a Special Review Approval Type Code</description>
			<label>Special Review Approval Type</label>
			<parent>KcSharedMaintenanceDocument</parent>
			<helpDefinitionURL>default.htm?turl=Documents/specialreviewapprovaltype.htm</helpDefinitionURL>
		</documentType>
	</documentTypes>	
</data>